0	i_98
1	i_239
2	i_236
3	i_232
4	i_175
5	i_114
6	i_298
7	i_299
8	i_196
9	i_295
10	i_158
11	i_169
12	i_293
13	i_297
14	i_26
15	i_140
16	i_270
17	i_208
18	i_2
19	i_302
20	i_260
21	i_300
22	i_305
23	i_44
24	i_181
25	i_60
26	i_125
27	i_42
28	i_240
29	i_88
30	i_75
31	i_103
32	i_104
33	i_105
34	i_106
35	i_203
36	i_59
37	i_201
38	i_84
39	i_222
40	i_247
41	i_128
42	i_129
43	i_162
44	i_268
45	i_145
46	i_121
47	i_126
48	i_46
49	i_143
50	i_39
51	i_153
52	i_241
53	i_71
54	i_17
55	i_147
56	i_35
57	i_219
58	i_258
59	i_216
60	i_165
61	i_64
62	i_199
63	i_58
64	i_148
65	i_218
66	i_52
67	i_117
68	i_237
69	i_119
70	i_172
71	i_290
72	i_27
73	i_141
74	i_304
75	i_248
76	i_61
77	i_243
78	i_286
79	i_285
80	i_6
81	i_195
82	i_12
83	i_279
84	i_73
85	i_259
86	i_274
87	i_278
88	i_253
89	i_254
90	i_190
91	i_93
92	i_94
93	i_139
94	i_138
95	i_296
96	i_289
97	i_292
98	i_25
99	i_178
100	i_67
101	i_224
102	i_83
103	i_207
104	i_281
105	i_287
106	i_5
107	i_4
108	i_3
109	i_142
110	i_16
111	i_152
112	i_164
113	i_215
114	i_217
115	i_198
116	i_56
117	i_252
118	i_191
119	i_133
120	i_29
121	i_303
122	i_263
123	i_262
124	i_62
125	i_182
126	i_185
127	i_228
128	i_107
129	i_225
130	i_85
131	i_283
132	i_160
133	i_284
134	i_144
135	i_124
136	i_13
137	i_76
138	i_31
139	i_33
140	i_250
141	i_255
142	i_272
143	i_280
144	i_19
145	i_90
146	i_233
147	i_214
148	i_246
149	i_168
150	i_74
151	i_37
152	i_86
153	i_151
154	i_307
155	i_8
156	i_251
157	i_179
158	i_200
159	i_57
160	i_235
161	i_87
162	i_167
163	i_68
164	i_277
165	i_131
166	i_41
167	i_95
168	i_72
169	i_38
170	i_206
171	i_36
172	i_189
173	i_171
174	i_294
175	i_288
176	i_135
177	i_187
178	i_180
179	i_100
180	i_89
181	i_77
182	i_111
183	i_28
184	i_91
185	i_245
186	i_204
187	i_306
188	i_170
189	i_50
190	i_45
191	i_159
192	i_309
193	i_40
194	i_291
195	i_49
196	i_220
197	i_123
198	i_54
199	i_275
200	i_230
201	i_154
202	i_55
203	i_183
204	i_134
205	i_65
206	i_193
207	i_271
208	i_221
209	i_166
210	i_115
211	i_47
212	i_112
213	i_14
214	i_109
215	i_234
216	i_32
217	i_97
218	i_242
219	i_188
220	i_213
221	i_63
222	i_244
223	i_192
224	i_0
225	i_80
226	i_202
227	i_82
228	i_194
229	i_113
230	i_238
231	i_24
232	i_96
233	i_118
234	i_261
235	i_51
236	i_7
237	i_130
238	i_256
239	i_10
240	i_150
241	i_276
242	i_127
243	i_161
244	i_173
245	i_146
246	i_99
247	i_108
248	i_81
249	i_22
250	i_66
251	i_301
252	i_211
253	i_1
254	i_184
255	i_53
256	i_137
257	i_120
258	i_48
259	i_102
260	i_229
261	i_70
262	i_101
263	i_156
264	i_186
265	i_227
266	i_155
267	i_197
268	i_273
269	i_163
270	i_282
271	i_308
272	i_78
273	i_209
274	i_226
275	i_79
276	i_23
277	i_223
278	i_69
279	i_157
280	i_149
281	i_249
282	i_43
283	i_18
284	i_30
285	i_176
286	i_9
287	i_20
288	i_266
289	i_269
290	i_34
291	i_265
292	i_264
293	i_11
294	i_267
295	i_177
296	i_122
297	i_116
298	i_212
299	i_92
300	i_205
301	i_210
302	i_136
303	i_110
304	i_132
305	i_21
306	i_15
307	i_231
308	i_174
309	i_257
